TravelDistance(km);TravelSpeed(m/s);TotalDistance(km);FlightTime;CONV:TakeOffMass(kg);CONV:NeededFuel(l);CONV:Costs(Euro);SERI:TakeOffMass(kg);SERI:NeededFuel(l);SERI:NeededElectricity(Wh);SERI:Costs(Euro);SERI:HybDeg;PARA:TakeOffMass(kg);PARA:NeededFuel(l);PARA:NeededElectricity(Wh);PARA:Costs(Euro);PARA:HybDeg
0.0;20.0;18.495661510531338;0:09:10;748.1767603491447;1.5733751695761384;77.19853467135208;795.1094317;0.0;5076.15471993;27.44511039542794;1.0;798.18342384;0.0;5104.69224521;27.59940347255714;1.0
0.0;25.0;18.495661510531338;0:09:10;748.1767603491447;1.5733751695761384;77.19853467135208;795.1094317;0.0;5076.15471993;27.44511039542794;1.0;798.18342384;0.0;5104.69224521;27.59940347255714;1.0
0.0;30.0;18.495661510531338;0:09:10;748.1767603491447;1.5733751695761384;77.19853467135208;795.1094317;0.0;5076.15471993;27.44511039542794;1.0;798.18342384;0.0;5104.69224521;27.59940347255714;1.0
0.0;35.0;18.495661510531338;0:09:10;748.1767603491447;1.5733751695761384;77.19853467135208;795.1094317;0.0;5076.15471993;27.44511039542794;1.0;798.18342384;0.0;5104.69224521;27.59940347255714;1.0
0.0;40.0;18.495661510531338;0:09:10;748.1767603491447;1.5733751695761384;77.19853467135208;795.1094317;0.0;5076.15471993;27.44511039542794;1.0;798.18342384;0.0;5104.69224521;27.59940347255714;1.0
0.0;45.0;18.495661510531338;0:09:10;748.1767603491447;1.5733751695761384;77.19853467135208;795.1094317;0.0;5076.15471993;27.44511039542794;1.0;798.18342384;0.0;5104.69224521;27.59940347255714;1.0
0.0;50.0;18.495661510531338;0:09:10;748.1767603491447;1.5733751695761384;77.19853467135208;795.1094317;0.0;5076.15471993;27.44511039542794;1.0;798.18342384;0.0;5104.69224521;27.59940347255714;1.0
0.0;55.0;18.495661510531338;0:09:10;748.1767603491447;1.5733751695761384;77.19853467135208;795.1094317;0.0;5076.15471993;27.44511039542794;1.0;798.18342384;0.0;5104.69224521;27.59940347255714;1.0
0.0;60.0;18.495661510531338;0:09:10;748.1767603491447;1.5733751695761384;77.19853467135208;795.1094317;0.0;5076.15471993;27.44511039542794;1.0;798.18342384;0.0;5104.69224521;27.59940347255714;1.0
0.0;65.0;18.495661510531338;0:09:10;748.1767603491447;1.5733751695761384;77.19853467135208;795.1094317;0.0;5076.15471993;27.44511039542794;1.0;798.18342384;0.0;5104.69224521;27.59940347255714;1.0
0.0;70.0;18.495661510531338;0:09:10;748.1767603491447;1.5733751695761384;77.19853467135208;795.1094317;0.0;5076.15471993;27.44511039542794;1.0;798.18342384;0.0;5104.69224521;27.59940347255714;1.0
0.0;75.0;18.495661510531338;0:09:10;748.1767603491447;1.5733751695761384;77.19853467135208;795.1094317;0.0;5076.15471993;27.44511039542794;1.0;798.18342384;0.0;5104.69224521;27.59940347255714;1.0
50.0;20.0;70.98311013758656;0:50:50;750.3176420647977;3.915983812253671;50.06480136939565;823.483548032;0.0;14371.4015582;20.246226926861773;1.0;826.892325409;0.0;14515.5513564;20.449303120509242;1.0
50.0;25.0;70.98311013758656;0:42:30;749.7691897435078;3.31480750847777;42.378923776554814;814.078276075;0.0;11498.975808;16.199594221373978;1.0;816.951438873;0.0;11569.5048833;16.298954583526744;1.0
50.0;30.0;70.96211515813575;0:36:56;749.6219794349481;3.1534180627968453;40.32753090308699;811.742002232;0.0;10821.6547928;15.249904500006025;1.0;814.506898729;0.0;10873.552653;15.323039101594985;1.0
50.0;35.0;70.96211515813575;0:32:58;749.6588865790176;3.194029457381627;40.84689028948013;812.222125508;0.0;10958.3364406;15.442516638885216;1.0;814.973144266;0.0;11003.8524324;15.506657894678636;1.0
50.0;40.0;70.98311013758656;0:30:00;749.7918009733769;3.339597559518097;42.69585792152945;814.335295832;0.0;11565.9616916;16.293962985253387;1.0;817.09867648;0.0;11606.1671983;16.35060393353259;1.0
50.0;45.0;70.97786139272387;0:27:41;749.9781543725477;3.543831998287866;45.310290777173535;817.73653656;0.0;12575.5284352;17.717536409865897;1.0;820.596607021;0.0;12619.2291539;17.77910591596612;1.0
50.0;50.0;70.98311013758656;0:25:50;750.2857617509536;3.8810779732340657;49.61853959178556;821.406825595;0.0;13697.1301755;19.296322954785797;1.0;824.356822155;0.0;13741.053182;19.358201064120347;1.0
50.0;55.0;70.97786139272387;0:24:19;750.7307173366924;4.3588380688608295;55.73069503467325;825.858481843;0.0;15117.9138983;21.29947789586371;1.0;828.928735793;0.0;15161.3245404;21.36063871593943;1.0
50.0;60.0;70.96211515813575;0:23:03;751.3915310321838;5.078801500855661;64.95032387007552;830.828773884;0.0;16789.5046657;23.659814294268674;1.0;834.06334552;0.0;16836.2127259;23.725635415998088;1.0
50.0;65.0;70.96736390299844;0:21:59;752.2118305408417;5.971786515514698;76.36462684787159;835.623016615;0.0;18494.3803286;26.06040200940674;1.0;838.986237931;0.0;18528.9482544;26.10911161886504;1.0
50.0;70.0;70.96211515813575;0:21:04;758.8990340958627;6.871541181562709;87.87680029508273;841.126697953;0.0;20582.7671821;29.005289845479197;1.0;844.720243578;0.0;20608.916862;29.042140043421757;1.0
50.0;75.0;70.93062268895952;0:20:16;772.522151512684;7.517660870723375;96.18239600261346;850.531099477;0.0;22746.538441;32.06871387658147;1.0;852.742050952;0.0;22764.228453;32.09365375632505;1.0
100.0;20.0;123.47055876464178;1:32:30;752.4944457759508;6.281815551735083;46.17090641070386;865.828194019;0.0;26189.7178699;21.21130586265715;1.0;872.012975375;0.0;27054.0906507;21.91136973978567;1.0
100.0;25.0;123.47055876464178;1:15:50;751.3786050653712;5.065429806787658;37.23055597749676;835.618048022;0.0;18488.3597397;14.973901409924215;1.0;839.30214091;0.0;18637.5393399;15.094723411292462;1.0
100.0;30.0;123.46006127491637;1:04:43;751.0796247297575;4.739437334380757;34.83749592002177;831.079894615;0.0;16891.681563;13.681899545948076;1.0;834.535304508;0.0;16980.8792045;13.754147721251814;1.0
100.0;35.0;123.4653100197791;0:56:47;751.1523441150397;4.81870181070705;35.418628054439736;831.637116784;0.0;17081.4403604;13.835011921699756;1.0;834.981787354;0.0;17158.1081626;13.897108556120969;1.0
100.0;40.0;123.47055876464178;0:50:50;751.4196172588183;5.109894662848092;37.55736956997237;834.89623806;0.0;18238.5025404;14.771539647087883;1.0;838.327291094;0.0;18309.748678;14.829242583166602;1.0
100.0;45.0;123.46006127491637;0:46:12;751.7785055375921;5.500935732365785;40.4349319575156;839.977904382;0.0;20136.1836292;16.309876587831493;1.0;843.578960988;0.0;20204.8599274;16.36550291548014;1.0
100.0;50.0;123.47055876464178;0:42:30;752.4078928779521;6.186224771848932;45.468320842009376;849.478583476;0.0;22506.7921909;18.228468726542495;1.0;851.741172961;0.0;22529.1106624;18.246544672519658;1.0
100.0;55.0;123.46006127491637;0:39:28;753.2791812694619;7.134235462086205;52.44059183987002;862.221616094;0.0;25374.3992921;20.552718855045125;1.0;864.745906829;0.0;25423.8875191;20.592803256825718;1.0
100.0;60.0;123.42856880574014;0:36:56;754.5577076022668;8.520806398037925;62.64863865017775;876.749083654;0.0;28653.9515878;23.215007566763123;1.0;879.416800967;0.0;28706.1085151;23.257264337464314;1.0
100.0;65.0;123.43906629546555;0:34:48;756.2055927945308;10.310385408284068;75.79994760833267;892.719637433;0.0;32269.1610887;26.14177347344808;1.0;895.622033364;0.0;32325.5972377;26.187493317816404;1.0
100.0;70.0;123.42856880574014;0:32:58;762.8841599601041;12.159950582783495;89.40519411874459;900.033653362;2.5697501359851835;29653.4274561;42.91867794686925;0.8547669732514064;900.030325053;1.4299403170354406;32969.4334843;37.22488424354141;0.920332842212285
100.0;75.0;123.44431504032826;0:31:23;777.0938002123673;13.585499027540058;99.87369903154203;900.022462257;6.222027946236419;24760.0445454;65.79885686186518;0.6287044384024123;900.027345311;2.8496507117806686;33058.9950189;47.72967893180096;0.8323078298349895
150.0;20.0;175.958007391697;2:14:10;754.6870255885942;8.670551252082078;44.71819940395494;873.669953769;5.058237459928478;24644.6039606;40.093718924882474;0.9325304236163693;783.748397633;7.429068439008006;2672.81850105;39.834285250240384;0.5780863399682411
150.0;25.0;175.958007391697;1:49:10;752.9937541936115;6.8254417285537174;35.20208293149141;867.861612043;0.0;26647.8403326;15.144431746876808;1.0;871.208590602;0.0;26872.3830244;15.272043269153341;1.0
150.0;30.0;175.958007391697;1:32:30;752.5318728317272;6.322123277193896;32.606227810262126;853.07144571;0.0;23334.851053;13.26160224186598;1.0;855.852794423;0.0;23455.0792441;13.329930016703965;1.0
150.0;35.0;175.93176366738345;1:20:35;752.6475535026719;6.447828346241749;33.25950983630819;853.884034431;0.0;23513.7222361;13.3652512462474;1.0;856.45440172;0.0;23598.3369887;13.41334645704741;1.0
150.0;40.0;175.958007391697;1:11:40;753.0487012569405;6.8847480933660945;35.507954354253236;861.698307243;0.0;25251.6789799;14.350968935268565;1.0;864.283983952;0.0;25327.432549;14.394021007875507;1.0
150.0;45.0;175.94226115710887;1:04:43;753.5794405769143;7.462680893829656;38.49207613117446;874.283412048;0.0;28104.907413;15.97393782946982;1.0;877.04267357;0.0;28181.985113;16.017746349090455;1.0
150.0;50.0;175.958007391697;0:59:10;754.5256695157824;8.491422282725429;43.794345229309236;890.057771812;0.0;31675.8928929;18.001961583019554;1.0;893.146357572;0.0;31764.2455583;18.052173941473534;1.0
150.0;55.0;175.94226115710887;0:54:37;755.8272344113354;9.905845258727672;51.09377652176514;900.007159961;1.7618928440357802;31419.0437123;26.945329087018614;0.9435657851499436;900.012034735;1.8141559004487438;32768.9754322;27.982157274203665;0.9428644665447488
150.0;60.0;175.958007391697;0:50:50;757.7091382950795;11.943025514934561;61.5959217512402;900.033196725;4.55736296276973;28959.7010705;39.96281328709421;0.8419070939039991;900.007899583;3.2892817191874806;32652.6343641;35.521467247915496;0.8877742906193523
150.0;65.0;175.91076868793266;0:47:37;760.1651899073261;14.605424549331929;75.34742118052017;900.01893462;7.897995581961823;25732.9316217;55.373097539471786;0.7058484127463855;899.998040926;5.010261695214922;32599.7665477;44.379256604960084;0.8164168269676086
150.0;70.0;175.89502245334455;0:44:52;766.9260298111318;17.52351758582942;90.40956354156239;900.02504143;11.777431771107027;21730.8187681;73.11805092438577;0.532368763772042;900.021516042;6.907159671362176;32722.4162643;54.23967600175696;0.7301180423918663
150.0;75.0;175.958007391697;0:42:30;781.5987259895159;19.56435214767119;100.90276559274902;900.011523885;16.084550737101228;16971.8055213;92.6011301649818;0.3191671749559023;899.995630543;9.233409723716553;31918.3375271;65.76087811238071;0.6152806394182251
200.0;20.0;228.44545601875222;2:55:50;756.9169361652216;11.086257566089898;44.040178853024464;870.511245756;9.830497521604684;22320.8831709;48.82244108646539;0.8997387457640519;786.251713155;9.671370587052328;2678.20152462;39.591896979861794;0.5799055988193752
200.0;25.0;228.44545601875222;2:22:30;754.6183768611162;8.594845160615932;34.143038426724935;899.992804554;1.484825526744468;32179.3185283;19.98468736439147;0.9827452997427182;785.520174191;7.280678212509581;2870.34434615;30.178975903558886;0.612300037287659
200.0;30.0;228.42446103930138;2:00:16;753.9993395658794;7.920490137683373;31.46705377893378;885.867837159;0.0;30717.6168098;13.44760393437676;1.0;889.346407163;0.0;30923.0253622;13.537527995690255;1.0
200.0;35.0;228.43495852902683;1:44:24;754.1475149332366;8.081297169549089;32.104443332975706;885.020538392;0.0;30530.4774028;13.365063560935026;1.0;888.240645052;0.0;30681.2073998;13.43104733065688;1.0
200.0;40.0;228.44545601875222;1:32:30;754.6829657018353;8.664016574409743;34.41782199699971;894.706702603;0.0;32716.7467661;14.32146970058989;1.0;897.55203612;0.0;32745.8495803;14.334209202923265;1.0
200.0;45.0;228.42446103930138;1:23:14;755.3862815571498;9.429309988972363;37.4613943535589;900.007553367;1.7381548975892354;31799.9204492;20.8268746387179;0.9646123902791774;899.998978339;2.892583609840434;32518.4915809;25.727843494874456;0.9421609197383132
200.0;50.0;228.44545601875222;1:15:50;756.6450435399839;10.795883598483215;42.88666772526785;900.00069908;4.084975373826637;30240.0738954;29.46490010611172;0.9080641935037159;899.995160933;4.051049971124333;32371.0888532;30.262964536917003;0.9104411701348498
200.0;55.0;228.42446103930138;1:09:46;758.3758984928095;12.67428210256215;50.35323693330812;900.009940172;7.060887892024918;28079.1585923;40.344504171368136;0.8264671166725646;899.989206747;5.68912756921236;32192.9725548;36.695634462274285;0.8626173891595372
200.0;60.0;228.42446103930138;1:04:43;760.8836143452681;15.3846322111364;61.121097399477456;899.998766193;10.6375728478068;25271.6140539;53.32510673048681;0.7168339029992636;899.987588271;7.688975816320332;32042.4052494;44.5748499610068;0.7988539792983854
200.0;65.0;228.38247108039977;1:00:26;764.0891848438755;18.852495679684427;74.91222837014794;900.018240952;14.706737688209463;21845.4433376;68.0039440520047;0.5781474093734029;899.992220942;9.939487108646517;32008.5622422;53.510852726584496;0.7197470614908551
200.0;70.0;228.43495852902683;0:56:47;770.9123712965222;22.813256382006784;90.62986812519966;900.023128141;19.359570523818245;17676.5354007;84.64756845865168;0.40564962561861095;900.001890571;12.694465518616804;31376.037634;64.16632251005576;0.6168485402010158
200.0;75.0;228.39296857012516;0:53:36;786.1723709729637;25.63443178076356;101.85623045527448;899.998765469;24.64035076305633;12708.0842576;103.47046536144887;0.1940899194749327;900.006857071;16.247801366187257;29231.436581;77.35800059225639;0.47779455575109897
250.0;20.0;280.9329046458075;3:37:30;759.1632509113188;13.52520682256833;43.69059297968544;829.332434085;15.161335611800647;2576.22739039;49.8928198689283;0.5248200086075459;788.628103398;11.928211938540395;2683.12444247;39.48688314905071;0.5812240723538291
250.0;25.0;280.9329046458075;2:55:50;756.252655460996;10.373758683197138;33.51044270471111;899.998210026;4.966893153992866;30855.7124693;27.027901177156892;0.9535614264171184;787.29716278;8.92982916716513;2877.48541542;29.870365386084668;0.6136869534828949
250.0;30.0;280.9224071560821;2:28:03;755.4732161971327;9.525035926395049;30.76995598432583;899.94986937;2.358185097518193;31803.992219;18.939223295711283;0.9736749543845765;784.509825285;8.251455506296375;2663.11364879;27.603733412886896;0.5765944285751563
250.0;35.0;280.90141217663125;2:08:12;755.652088579739;9.718672623452676;31.397832205405447;900.010625819;2.193500859245129;31820.145978;18.414348961380107;0.9715911276399096;780.065993981;8.649446395973277;2126.2071421;28.70043712520161;0.48300455329724756
250.0;40.0;280.9329046458075;1:53:20;756.3223286789542;10.447715497172643;33.749346042742616;899.997411008;3.34789221959727;31173.8002935;21.91125395722272;0.9506529418100369;900.00983639;5.471997779812227;32001.0626696;29.06724031645561;0.9208358016048253
250.0;45.0;280.90666092149394;1:41:45;757.1989573613142;11.400728195147925;36.831311878318985;900.007305568;5.470521632090822;29954.1409858;28.336503141614745;0.9098215885248658;899.985667126;6.09344663992897;31927.1549444;31.05130469872787;0.9013886375582727
250.0;50.0;280.9329046458075;1:32:30;758.7661578606413;13.099674655309931;42.315992726739395;900.012420344;8.347300666262376;28167.4190409;36.990744362341424;0.8477846344907929;900.015375021;7.549448225278259;31745.1895557;35.68696672484867;0.8648340097017947
250.0;55.0;280.90666092149394;1:24:55;760.9297760807118;15.435838512600185;49.867181519414174;900.009027327;11.94250298034846;25780.9922838;47.759354082371246;0.7618995285247991;899.983480344;9.604595212955246;31502.5357772;42.243297807712864;0.81193653665945
250.0;60.0;280.8909146869059;1:18:36;764.008045836278;18.766366410987455;60.63021844958595;900.001362543;16.188063132785828;22769.7194118;60.40650781851048;0.649630287417463;899.984643689;12.085841283926735;31299.7796211;50.189871548489435;0.7430578219532344
250.0;65.0;280.9224071560821;1:13:16;767.9727760731413;23.047065916836345;74.45191905930227;900.009201961;21.05270469879103;19113.9533969;74.81327341099511;0.5089570282448621;900.011167054;14.928630346522974;31248.518037;59.34942681131952;0.657933708500498
250.0;70.0;280.90141217663125;1:08:41;774.9558380628599;28.17858117127965;91.03572037885137;900.012606657;26.587892989877066;14717.3852059;91.13607229858266;0.33638778410183645;900.009100123;18.765296179254317;29430.1552572;71.1015357795159;0.539800686922516
250.0;75.0;280.90666092149394;1:04:43;790.7465901992427;31.705109621042237;102.42685910939278;nan;nan;nan;nan;nan;900.003400041;22.947525583564584;27469.7700948;83.91348357222677;0.3997216974730905
300.0;20.0;333.4203532728627;4:19:10;761.4371338021341;15.99194164272088;43.526698050410815;832.696629142;18.10676884103062;2599.87240283;50.062570564965114;0.5297228589625415;791.028399735;14.202779720791417;2687.79739946;39.463104778718176;0.5824970012145266
300.0;25.0;333.4203532728627;3:29:10;757.9112996472192;12.16547118071579;33.111851115653366;824.865006429;12.748954708216843;2934.90128598;35.580211015481325;0.5870311254640737;789.070686401;10.586074366553325;2884.151233;29.678085077335094;0.6149836838288615
300.0;30.0;333.4203532728627;2:55:50;756.9447741774561;11.126116348757629;30.282946099077698;899.943014591;5.290908811204038;30714.9751824;23.61282743277704;0.950475947580357;786.147166851;9.74358813053838;2658.1018546;27.31721781384392;0.5764863772580655
300.0;35.0;333.40460703827466;2:32:01;757.1611451734689;11.359906960263743;30.92073519324784;900.015132902;5.1514505673121675;30639.8053388;23.211802597638872;0.9440613852115447;781.696252819;10.190705027161584;2131.44310556;28.377559646675778;0.4847309029794683
300.0;40.0;333.4203532728627;2:14:10;757.9675002911229;12.236542444238543;33.305292130917714;899.989427426;6.539896126820622;29864.0035715;26.757083077464994;0.9191075451997582;775.451206419;11.428862500219566;1298.69254885;31.49646346046561;0.335730940995139
300.0;45.0;333.3888608036865;2:00:16;759.0297914224175;13.378164264157931;36.4159859464299;900.035529474;9.04376448101857;28501.4018356;33.1665443873225;0.8747692104800422;900.017220462;9.308115269911772;31292.903889;34.723430676232496;0.8735007496251874
300.0;50.0;333.4203532728627;1:49:10;760.897426824396;15.401428912278789;41.919446730520214;900.009324757;12.433561160115005;26529.0956976;41.798187140540875;0.8094249998351427;900.00865953;11.071417030837589;31048.3682357;39.446145533568334;0.8334347552142514
300.0;55.0;333.3888608036865;1:40:04;763.4782620595444;18.19531514481302;49.52849490565591;900.013582075;16.6313878238675;23959.9412694;52.45819711834346;0.7210740736263337;900.01475695;13.544207015131937;30741.2238061;46.08879315823958;0.7770032816759272
300.0;60.0;333.4203532728627;1:32:30;767.117936202843;22.12671867544168;60.224269457030914;900.00183789;21.537241130746832;20766.6223689;64.84819643073227;0.6072628080571845;900.01395913;16.515545835986057;30461.6314781;54.0879427933686;0.7043061129097226
300.0;65.0;333.39410954854924;1:26:05;771.8152549747738;27.188439654838476;74.00703335813715;899.994069129;27.187428406034694;16906.4345273;79.07528650372703;0.4656887905102194;899.982274228;20.035645932883654;30145.0910296;63.578981091641644;0.6133232230101762
300.0;70.0;333.36786582423565;1:20:35;778.9434980794415;33.46980117229517;91.11209470882872;900.00624371;33.49616136837221;12343.535776;94.88653005348587;0.2941060104845534;899.993012788;24.62342903322254;27885.6184596;75.39516033276354;0.4903251169979588
300.0;75.0;333.4203532728627;1:15:50;795.2532724481996;37.685996481645965;102.5733476417538;nan;nan;nan;nan;nan;899.998684502;29.43405631261491;26064.9102666;87.93073620903104;0.3492988389375956
350.0;20.0;385.90780189991796;5:00:50;763.7385747293147;18.4863239381516;43.47240167542242;836.130594841;21.10180566962117;2624.0312633;50.30292643978633;0.5346592442600216;793.450193689;16.495117436100674;2692.64192051;39.48762681212743;0.5837938811444027
350.0;25.0;385.90780189991796;4:02:30;759.5712369265768;13.96700749088753;32.844786333880876;827.163258206;14.77157311816048;2951.14838233;35.50153009478855;0.5899611556534788;790.854522704;12.249726530564962;2890.4622024;29.555435237574365;0.6162125056141123
350.0;30.0;385.8868069204671;3:23:36;758.4461547365518;12.745651798268378;29.97427950241505;900.062399381;8.178882895566707;29786.250165;26.95339943656189;0.9342235410484668;787.759961643;11.247566992891885;2664.5859625;27.141704392236562;0.5779284814831672
350.0;35.0;385.90780189991796;2:55:50;758.6763827598186;12.994803181315698;30.55855266202251;899.98231677;8.015638423981576;29635.2154044;26.52891016921795;0.9249802970230643;783.324756018;11.724108200294873;2137.13446661;28.124182991364663;0.48652325783851336
350.0;40.0;385.90780189991796;2:35:00;759.6323600027093;14.031931717008016;32.99746201163154;899.991521315;9.649800934121382;28750.930812;30.14265939078343;0.8971800629339347;777.259603256;13.1336551160742;1306.08001692;31.223520126328648;0.3387812831493341
350.0;45.0;385.871060685879;2:18:47;760.8572542146842;15.35982804948541;36.123579545280236;900.041965559;12.529247928601913;27260.0095425;36.53109778276796;0.850426246731852;768.533335299;15.268223014360501;137.74416047;35.94383776001764;0.1209869914807461
350.0;50.0;385.90780189991796;2:05:50;763.020857363027;17.700831624222854;41.625239551772985;900.014980664;16.420088748807;25133.7627463;45.12634035496563;0.7829388865808972;766.415214439;17.725962985439157;5.07280342357;41.68565292131714;0.011209057139646705
350.0;55.0;385.87106068587894;1:55:13;766.0276779872214;20.95204416987781;49.27547572592538;899.992807593;21.216385540512874;22391.9533327;55.700122142048926;0.6929197898577804;900.019848983;17.503316922520753;29919.3213289;48.91839311951896;0.7513723792322431
350.0;60.0;385.8868069204671;1:46:23;770.2535750726167;25.509564271277213;59.99150310664901;899.982129991;26.838940285940527;19012.9681373;68.04491538015405;0.5778392535855086;900.013823593;21.025821208496534;29530.9080149;57.09970683901072;0.6753869185451647
350.0;65.0;385.8658119410164;1:38:54;775.6221108465638;31.28331290445264;73.57378026828253;900.018264352;33.19952448799389;15000.9758513;81.96804453569789;0.4363271698216884;899.992111581;25.199729343619918;28873.6133392;66.74889279175676;0.5799391881193876
350.0;70.0;385.90780189991796;1:32:30;782.9317652070587;38.76169566503904;91.1519244825882;nan;nan;nan;nan;nan;899.987387068;30.417360473988992;26526.0735187;78.40308444933112;0.45535916243900865
350.0;75.0;385.8553144512909;1:26:56;799.8289820552701;43.758328906814164;102.91599466345254;nan;nan;nan;nan;nan;899.969202005;35.98258331945666;24742.4012337;91.04043191871448;0.31258226501020003
400.0;20.0;438.39525052697314;5:42:30;766.0838566328445;21.01498641388601;43.50206839074358;839.642901418;24.154972909233646;2648.81402051;50.606203626778395;0.5396354175572529;795.893162407;18.8057434891172;2697.21235625;39.5440722297064;0.5850410820414055
400.0;25.0;438.39525052697314;4:35:50;761.2427456539136;15.77973563823995;32.66483857772013;829.483016815;16.808465519296078;2967.48048396;35.47125679045288;0.592890235065178;792.645930912;13.92065537750265;2896.83316731;29.47723100622314;0.6174444723227832
400.0;30.0;438.3847530372478;3:51:23;759.9432944475852;14.370000073415818;29.74732806347586;900.025539028;11.027321220437747;28911.8699897;29.4227409077371;0.9221727435317085;789.383319421;12.755912639521435;2671.15850539;27.015324983025675;0.5793778958330189
400.0;35.0;438.3742555475224;3:19:38;760.1975181022783;14.644665880919396;30.316639535173685;900.02330683;10.850982365448695;28739.4077282;29.019056453431798;0.9108619789519963;785.015506188;13.27204320105678;2142.88070544;27.96393063774274;0.4883487870694293
400.0;40.0;438.39525052697314;2:55:50;761.2917904796885;15.83092313179653;32.770799238440695;900.053927831;12.695830976102116;27789.1473034;32.619836378160784;0.8811949523790683;779.078014819;14.840928494804757;1314.00159428;31.02119092785787;0.34191101230880283
400.0;45.0;438.3532605680715;2:37:18;762.9546333367945;17.62835846775094;36.49507543015002;900.038270511;15.958996118322375;26149.6962745;39.00452019604051;0.832561441763034;770.592949786;17.22406723389152;146.8986794;35.69160375908045;0.126047666622763
400.0;50.0;438.39525052697314;2:22:30;765.1434429429952;19.99686473396241;41.394505812408084;899.988698799;20.34778531179245;23877.3646919;47.567467062142825;0.7635194548252363;768.548229627;20.024493964296955;5.10623552436;41.45286445121697;0.011219311834773094
400.0;55.0;438.3532605680715;2:10:22;768.5764569120265;23.70443476120666;49.074060765323075;899.979162075;25.734097448455184;20985.7635526;58.06337508873307;0.6724077290013409;771.987081128;23.728940651751145;5.13890613375;49.12596635911976;0.011188958777688662
400.0;60.0;438.3532605680715;2:00:16;773.3414486477965;28.83532716902467;59.69628096749669;899.988308764;32.004371789614346;17457.3963184;70.2394844537348;0.5567984859159185;900.01119125;25.499242758180873;28558.2141753;59.30464435667676;0.6534658797173876
400.0;65.0;438.3375143334834;1:51:43;779.3981359052583;35.3370784032727;73.15914700965479;899.991281784;39.14222046758611;13262.1381555;84.06257207055044;0.41496043866426746;899.972048328;30.322371516257288;27718.424591;69.10062136972283;0.5551414553229532
400.0;70.0;438.3742555475224;1:44:24;787.4220408236506;43.83399835676786;90.74290518972893;nan;nan;nan;nan;nan;899.990997791;36.25605883280074;25251.2505419;80.81564552806209;0.4289718045740417
400.0;75.0;438.36900680265967;1:38:03;804.4054183928598;49.83146266671065;103.15978472081513;nan;nan;nan;nan;nan;899.977438831;42.480881121344886;23469.3052868;93.2965823578665;0.2838947680211108
450.0;20.0;490.8826991540284;6:24:10;768.4465612791425;23.56787609804678;43.57017999582504;843.163831509;27.254808916440805;2673.75281583;50.930934042570975;0.5445270368750907;798.36392208;21.135073617984137;2702.01082162;39.62307171143451;0.5863223899157097
450.0;25.0;490.8826991540284;5:09:10;762.9256806513342;17.603586662838097;32.54393549427759;831.825230722;18.859958965696176;2983.8943801;35.47446717798299;0.5958196978617513;794.444241792;15.599083956099093;2902.82140975;29.42953755761097;0.6186039881386359
450.0;30.0;490.8826991540284;4:19:10;761.4388255705751;15.991455900953648;29.563572428047223;900.078459631;13.830316677852503;28109.5755982;31.294584167348887;0.9130103156686941;791.000638212;14.259478931332524;2677.70193465;26.907135546663056;0.5808109926011338
450.0;35.0;490.8774504091657;3:43:27;761.7236376502162;16.298806586581122;30.132097053945635;900.024970071;13.65613163624918;27904.4122766;30.9311024063138;0.9000298976007175;786.778018706;14.823454638081179;2150.87286299;27.842738261790956;0.49105154777251303
450.0;40.0;490.8826991540284;3:16:40;762.9568703421359;17.634705627520663;32.60146545102305;900.009962658;15.729663891958657;26847.3429934;34.54879202408188;0.868769865868295;780.902389669;16.550759091505977;1321.98362722;30.86686954821624;0.3450314012212622
450.0;45.0;490.8826991540284;2:55:50;764.8212127375648;19.649592061301366;36.32640715666308;900.043860921;19.349104260304557;25130.7479774;40.89039387323794;0.8189309728599783;772.658558528;19.182155852713095;156.113009888;35.49405543799546;0.1310819477548365
450.0;50.0;490.8826991540284;2:39:10;767.2667964975545;22.291304987393534;41.210169580069255;850.509318573;26.241898907966213;655.290935738;48.6471664079978;0.21628329351750808;770.679283304;22.321096769305615;5.13518279197;41.26629207208597;0.011219518461543565
450.0;55.0;490.83546045026407;2:25:31;771.1253718818737;26.453393038759867;48.90937211556077;856.617419567;31.34014335967201;640.455142287;58.07491086113053;0.22070343495282196;774.545121948;26.480016372272832;5.17220288448;48.95964944358598;0.011185841942705665
450.0;60.0;490.8826991540284;2:14:10;776.4154059559853;32.14029205346333;59.4180953795764;865.029589988;38.123905875275796;622.457601973;70.60686881355055;0.2275520749016804;779.843544008;32.16997186650057;5.18602033139;59.4740212299104;0.011060950543619774
450.0;65.0;490.8774504091657;2:04:33;783.1427712424762;39.364318042927756;72.77400620904528;900.011757115;45.10131045203267;11476.1144067;85.7180354094831;0.3980253252476583;899.97578399;35.414255022149824;26648.5833931;70.90017018076722;0.5360790873672836
450.0;70.0;490.8407091951268;1:56:18;792.0044292965268;48.73749451374912;90.1092257481125;nan;nan;nan;nan;nan;899.951273019;41.99484994978669;24044.2122024;82.54153901803885;0.4087397506990851
450.0;75.0;490.8826991540284;1:49:10;808.9142661484757;55.814743915894724;103.18530311002262;nan;nan;nan;nan;nan;899.97168721;48.89068001219433;22199.8667954;94.90715168999664;0.2616376886836145
500.0;20.0;543.3701477810836;7:05:50;770.8392127070274;26.1502275346035;43.67433798960503;846.975363425;30.418604533201385;2642.54586625;51.28941719436039;0.5400698836473292;800.855661417;23.48337829281657;2706.53233963;39.71844813857727;0.5875541744318502
500.0;25.0;543.3701477810836;5:42:30;764.6201510962941;19.438581524030724;32.46500162935893;834.323617652;20.927476307899724;2936.39004331;35.49205607356956;0.5877675399362731;796.258313379;17.284991688724556;2909.38219656;29.40365465864804;0.6198515723381859
500.0;30.0;543.3491528016327;4:46:56;762.9505070691941;17.629336528395925;29.44446092724491;831.723061396;18.774990035320418;2983.16082809;31.906959733848293;0.5956889662171174;792.635212547;15.776467236116483;2684.37399141;26.84384679852744;0.5822598591601883
500.0;35.0;543.34390405677;4:07:15;763.2549232559198;17.957218546833854;29.99237814131996;899.947415667;16.450417531897376;27083.0076687;32.460205305301635;0.8913867971197713;788.469056107;16.377129799338793;2159.30679174;27.75070422157261;0.4932959151855313
500.0;40.0;543.3701477810836;3:37:30;764.6275818025526;19.443130876923835;32.472599650279584;899.976789417;18.728759912404104;25980.9381126;36.06094944998903;0.8590255007205363;782.728198741;18.26321587197314;1329.53940598;30.74666948973534;0.34805597795462795
500.0;45.0;543.3648990362209;3:14:21;766.7068089164966;21.69306609426955;36.230638960057874;848.668753105;24.67363394313088;650.848843095;41.32841066386922;0.21344805828908264;774.744051693;21.160224228013856;165.035126621;35.371086784727154;0.13605285882921503
500.0;50.0;543.3701477810836;2:55:50;769.3923085585757;24.58563259523483;41.06125754476411;853.725351092;28.917964708485215;645.926321209;48.415699155541795;0.21838718256724254;772.814273202;24.617899211904234;5.16698813278;41.11609797639703;0.011225599469335323
500.0;55.0;543.3176603324565;2:40:40;773.6461954273785;29.168509791021886;48.719974644584696;860.478951265;34.54480305824912;630.248910347;57.81596285159309;0.22325047092610295;777.075870812;29.197259542826334;5.20623273755;48.76895340043814;0.011184841575595628
500.0;60.0;543.3491528016327;2:28:03;779.5107382879271;35.46266662689337;59.229631256377345;869.915565533;42.15586042735034;611.502949093;70.52112520127332;0.23090950316900227;782.949627551;35.49647475622411;5.21509921179;59.28705729105125;0.011033137980559382
500.0;65.0;543.3491528016327;2:17:22;786.9167272286898;43.310402660059935;72.33689463090718;882.017155562;52.02009728911677;585.988463992;86.99164596568158;0.23896872818376624;899.971316001;40.48557978706367;25633.3755336;72.33654641303818;0.5209376373365963
500.0;70.0;543.3071628427311;2:08:12;796.5930742675861;53.62067223217082;89.56399506328732;nan;nan;nan;nan;nan;899.95709038;47.79370966283568;22876.3333647;84.04163975417806;0.392483600288678
500.0;75.0;543.3176603324565;2:00:16;813.4921666938438;61.8894969595893;103.3736294462802;nan;nan;nan;nan;nan;899.975973122;55.414197595554924;20882.2642312;96.40145087320887;0.24344340958857913
550.0;20.0;595.8575964081388;7:47:30;773.2624844556757;28.762814165200023;43.80619465500615;850.760184002;33.62868088471456;2655.16532426;51.662586196549825;0.542816514823327;803.365778647;25.85115886950598;2710.31127695;39.82655913900091;0.5886632710939967
550.0;25.0;595.8575964081388;6:15:50;766.3262446324346;21.28471246941429;32.41693431858651;836.717282265;23.00129269067035;2947.70744338;35.52601156505489;0.5898500497091119;798.0896759;18.978532082629346;2916.53547254;29.394055757314334;0.6211876596119412
550.0;30.0;595.8470989184134;5:14:43;764.4693944682937;19.273834368939788;29.354854158999302;833.818212966;20.60655420840779;2997.83476962;31.88776358159911;0.5982860203535083;794.272808901;17.297931880696677;2690.63370921;26.797036658626933;0.583630474832115
550.0;35.0;595.8470989184134;4:31:04;764.791106727481;19.619793393650678;29.881764192622075;837.558486339;21.169290762951885;2295.66151544;32.626990303740264;0.47924596245169426;790.159834173;17.934004660883147;2167.74538558;27.678046596594427;0.49552278352191603
550.0;40.0;595.8575964081388;3:58:20;766.303812204509;21.256048671432534;32.373278927054635;843.859207873;23.449489871997837;1508.8814437;35.96715109851255;0.3506822381723522;784.555572931;19.97832211342863;1336.67370852;30.65161004724083;0.35098618179139485
550.0;45.0;595.8470989184134;3:32:52;768.5853508867948;23.72277314500995;36.13077359640601;851.429827967;26.975423467530618;641.884281664;41.19242213229469;0.21514723445950112;776.816465215;23.122921815386842;173.889822527;35.24635861756858;0.1409456601112986
550.0;50.0;595.8575964081388;3:12:30;771.5216672492072;26.88197377775911;40.94164671286077;856.986957604;31.642241038746608;637.086110873;48.29852388763933;0.22056767686854062;774.95352234;26.91660964261291;5.20235700269;40.99527073854694;0.01123897952979347
550.0;55.0;595.8575964081388;2:55:50;776.1951826788473;31.91021241914844;48.59972910463958;864.603955471;37.774448280418405;623.005406215;57.63560381225361;0.2271926777694494;779.634703499;31.94112674181997;5.24006410725;48.64769149432365;0.011182322854291438
550.0;60.0;595.8156064492371;2:41:56;782.5544294234161;38.724285960193356;58.98182110117244;874.691876629;46.063685065420636;600.885837056;70.26147406587191;0.23410773853178457;786.156767212;38.76346440494975;6.01947041372;59.04250495246206;0.012614717373600537
550.0;65.0;595.8208551940999;2:30:11;790.5970878103492;47.241101504141625;71.95333839236358;887.964157665;56.82809111496135;576.905001423;86.65219207567105;0.24313591625419584;794.095466663;47.28103721630441;5.45929794602;72.01508109281058;0.011208245939240635
550.0;70.0;595.8470989184134;2:20:07;801.0737785967872;58.38796647795925;88.92730983322836;nan;nan;nan;nan;nan;899.994510969;53.49641362744918;21765.8812649;85.13020133097201;0.3795168395317027
550.0;75.0;595.8313526838253;2:11:23;818.0709412897206;67.96524756734364;103.51664424764449;nan;nan;nan;nan;nan;899.946791973;61.956107081434766;19527.270038;97.64154557854197;0.228353004667476
600.0;20.0;648.3450450351941;8:29:10;775.717149779473;31.40641777449976;43.96011714535644;854.647050636;36.898197645881886;2664.77029044;52.058069466467;0.5449865551352592;805.913124285;28.23867011404597;2715.28655312;39.94496754795572;0.5899626757226117
600.0;25.0;648.3450450351941;6:49:10;768.0438957747409;23.142016796227683;32.39228926541206;839.142329014;25.089770528989295;2957.33178964;35.57473001551166;0.5916261960036152;799.92276752;20.679855629098864;2922.81183572;29.39676999605145;0.6223728061727745
600.0;30.0;648.3450450351941;5:42:30;765.986237622346;20.914983496461446;29.27507145829803;836.754739568;22.372045688514845;2780.67164663;31.743434741408475;0.561436688020831;795.916491577;18.814605576087917;2697.8480031;26.751248418453322;0.5851505473441208
600.0;35.0;648.3135525660178;4:54:52;766.3322433372819;21.286480212948998;29.796509292136253;839.705400255;23.019452430049114;2304.98002829;32.577833672461836;0.4816635692743947;791.853602301;19.49413983580386;2176.21408852;27.623290056118908;0.49773911481104394
600.0;40.0;648.3450450351941;4:19:10;767.9855214946925;23.073405606630484;32.29625297264442;846.195112266;25.472781139233575;1525.90915738;35.890055731557794;0.3552696391315223;786.543001531;21.697864637796254;1345.89753776;30.57847370685145;0.3550327852622437
600.0;45.0;648.3292988006059;3:51:23;770.4693365762263;25.756498612538508;36.05270120310788;854.177510198;29.278096655271685;632.803383949;41.07966908533158;0.2167717734728044;778.895299124;25.087912456614504;182.807972683;35.14504341204187;0.14581551991221353
600.0;50.0;648.3450450351941;3:29:10;773.6552038438887;29.1801471812596;40.8439669120254;860.283643363;34.36836711527743;628.733254147;48.20298500288917;0.22280036089036104;777.098256894;29.21736032509216;5.23908518416;40.89686287661876;0.011254752373435206
600.0;55.0;648.3397962903313;3:10:59;778.745527016894;34.65011078888043;48.50076413761851;868.513214992;40.98657520052317;613.14821957;57.464669035599314;0.2297174550474762;782.197149587;34.68319503878047;5.28034720972;48.54788756221787;0.01119310660513917
600.0;60.0;648.3450450351941;2:55:50;785.6602334411161;41.95420533581834;58.724041517412076;879.495373962;49.97161320847408;584.313089891;70.03627257337097;0.2363101972264664;789.121471694;41.996220437266096;5.27819034371;58.78366489834824;0.010976528927617135
600.0;65.0;648.292557586567;2:43:00;794.2015694966246;51.083712599860824;71.5085629811251;893.821529572;61.53629497088847;569.060293949;86.22818982155547;0.24720994129018392;797.719568879;51.12681506951382;5.52924024077;71.5697520457996;0.011246554328468217
600.0;70.0;648.3135525660178;2:32:01;805.5381849176838;63.12081976563453;88.3556169859341;nan;nan;nan;nan;nan;899.973142166;59.27078771099453;20657.9727877;86.15281433717972;0.3684589234395127
600.0;75.0;648.3450450351941;2:22:30;822.5821687018943;73.95120816485603;103.51081098485741;nan;nan;nan;nan;nan;899.94270469;68.40735503207027;18177.2511907;98.55462041389586;0.2159576874602781
650.0;20.0;700.8324936622492;9:10:50;778.204183722167;34.08183997846572;44.13218573647261;858.614723122;40.22041176386165;2675.59997353;52.46272683637407;0.5472575197240188;808.4802105;30.646494694507965;2719.53123944;40.07183929565953;0.5911423162732174
650.0;25.0;700.8324936622491;7:22:30;769.7911415375783;25.017596816459445;32.39500068311385;841.652280229;27.19808323599121;2968.12473288;35.64200181332936;0.5935793778633139;801.767814817;22.389007616013107;2929.19126985;29.40922934496511;0.623566615653536
650.0;30.0;700.8114986827984;6:10:16;767.5193223218984;22.572554373123086;29.2298187631207;838.870608378;24.20307992943602;2791.26156683;31.739520876089404;0.5635375871935863;797.570554633;20.345050999264913;2704.25093778;26.7312378732674;0.5865290047146718
650.0;35.0;700.8167474276611;5:18:41;767.8786412615278;22.957689906336174;29.728318660293702;842.175532769;24.878359469893894;2276.73453471;32.54029638433211;0.4778940333730133;793.553709541;21.057621112682074;2184.74133618;27.57962814718845;0.49995085878004664
650.0;40.0;700.8324936622492;4:40:00;769.6726609302041;24.8951366919855;32.23642846512296;848.5425714;27.500982814417814;1543.20848406;35.83090535838094;0.35983693766476155;788.414251032;23.41842602879842;1355.19566672;30.517622086903287;0.3583183201368598
650.0;45.0;700.8114986827984;4:09:54;772.3588076276027;27.79429802060425;35.991597599506484;856.951661514;31.58219087374952;624.033326175;40.98568816940305;0.2184386999485689;780.980597808;27.0552123728077;191.795960166;35.0619030517096;0.1506621745408251
650.0;50.0;700.8324936622491;3:45:50;775.7899111523209;31.47701549281419;40.759228229356815;863.784986101;37.09919633370782;623.073688795;48.12823084937426;0.2263431046994917;779.241635572;31.51678547555821;5.27061646019;40.8114779770745;0.011259095025450416
650.0;55.0;700.8219961725238;3:26:08;781.2994373041819;37.39002855510853;48.41664659367793;872.395800558;44.18300816409404;603.163574194;57.29899530215273;0.23215529818084346;784.910646843;37.42698365987295;6.0839594465;48.46536817163188;0.012791244260093815
650.0;60.0;700.8114986827984;3:09:43;788.7194650487133;45.220719753424724;58.557548289896836;884.365414504;53.920834828190436;575.407249708;69.90567138757494;0.23961061808514772;792.191966012;45.26758952134787;5.30637584389;58.618998411727866;0.010947889839101221
650.0;65.0;700.8324936622492;2:55:50;797.8258898017826;54.93682503166034;71.13706794002955;899.712893509;66.26582810695724;560.981294841;85.8869097550094;0.2512151259672335;801.355423663;54.983333594079944;5.56785440634;71.19808580981034;0.011220141351993895
650.0;70.0;700.7800062136222;2:43:55;809.9214721397091;67.7471341925093;87.73156159503897;nan;nan;nan;nan;nan;899.958819981;64.9537882625162;19593.2719071;86.91014226849605;0.3593327365621455
650.0;75.0;700.7800062136222;2:33:36;827.1625298711176;80.02874085222447;103.63606506954872;nan;nan;nan;nan;nan;900.000709058;74.95445983197835;16812.9284303;99.46411787225362;0.20548160609680033
700.0;20.0;753.3199422893044;9:52:30;780.7478820918179;36.80290820965138;44.33526490585355;862.906315497;43.650292395727774;2702.2306237;52.94279518247024;0.5522998763909084;811.147803479;33.08064804303285;2725.5183116;40.212980208850645;0.5926103775218936
700.0;25.0;753.3199422893044;7:55:50;771.5358841546552;26.89930971399508;32.40472234316041;844.136713626;29.324441887617468;2978.04563986;35.72152290993573;0.595339494398206;803.629244171;24.106029211669163;2936.14988025;29.429509632045132;0.6248467805898046
700.0;30.0;753.309444799579;6:38:03;769.059496323621;24.236711609064816;29.197583990305773;841.002509278;26.045101607221266;2802.00545543;31.748082304290346;0.5656445897172201;799.231030688;21.880010454930318;2710.7085016;26.71834327440854;0.5879086730747014
700.0;35.0;753.3199422893044;5:42:30;769.4211934105451;24.623647288826458;29.66330593439711;844.305736889;26.722630582215817;2292.06134327;32.49614408626205;0.48126659136386685;795.249512297;22.613545251907;2193.2559821;27.532946826396635;0.5021423504094382
700.0;40.0;753.3199422893044;5:00:50;771.3648523070608;26.720737655520377;32.18960240013419;850.901928571;29.5340705305739;1560.79982046;35.785922388589555;0.3643836173691074;790.283066472;25.141508528369894;1364.9273037;30.468344764794573;0.36164353464686483
700.0;45.0;753.2936985649909;4:28:25;774.2540178558371;29.836385178499313;35.94417370153015;859.729547899;33.88709859029526;615.442409116;40.90580642092819;0.22009371537513978;783.077918241;29.024787103697992;201.338646798;34.99316164664756;0.15558070788736356
700.0;50.0;753.3199422893044;4:02:30;777.9257884754164;33.772328559122194;40.68442430219537;867.090954926;39.81988935459458;615.084028397;48.05137360645207;0.22854706024679405;781.387129255;33.81471372385173;5.30278862215;40.73618825223201;0.01126447403511599
700.0;55.0;753.3041960547164;3:41:17;783.852692182302;40.12558334587311;48.33899383156351;876.311917193;47.385361496374266;593.809252941;57.163622224302536;0.23463795671138343;787.476677128;40.16496246531824;6.12857035435;48.38724712435315;0.012799429044332178
700.0;60.0;753.2779523304027;3:23:36;791.730104457952;48.42979659814167;58.34505082333301;889.208925561;57.820080402518364;567.831386277;69.73323185871376;0.24293167837067475;795.21371686;48.48217569577491;5.3324588963;58.40886163426021;0.010916367589792753
700.0;65.0;753.3041960547164;3:08:39;801.5087162738113;58.84464350526863;70.88970731971398;nan;nan;nan;nan;nan;805.045124545;58.88841021268081;5.60038850835;70.94317619196816;0.011179969078513263
700.0;70.0;753.3199422893044;2:55:50;814.251256750148;72.31282831483911;87.11290915290058;nan;nan;nan;nan;nan;817.823176233;72.34625039183386;5.77478327875;87.15393821832886;0.011161489963759652
700.0;75.0;753.2936985649909;2:44:43;831.743677182016;86.10715369238066;103.73409750366268;nan;nan;nan;nan;nan;899.972621069;81.50354794632115;15438.208055;100.23751786405248;0.19631845672463255
